date,strategy,direction,regime,confidence,lots,entry_time,entry_price,exit_price,exit_time,exit_reason,pnl_pts,pnl_rs,won,armed_reason,index
2025-02-06,BEAR_TREND_FOLLOWER,PE,RANGE_BOUND,0.884,3,2025-02-06 12:46:00,844.9,844.65,2025-02-06 14:30:00,TIME,-2.75,-122.5,False,ARMED(conf=0.88),SENSEX
2025-02-07,BEAR_TREND_FOLLOWER,PE,NORMAL,0.894,3,2025-02-07 12:46:00,747.4,711.85,2025-02-07 13:30:00,TIME,-38.05,-1181.5,False,ARMED(conf=0.89),SENSEX
2025-02-07,MOMENTUM_BURST,PE,NORMAL,0.831,3,2025-02-07 12:46:00,747.4,711.85,2025-02-07 13:30:00,TIME,-38.05,-1181.5,False,ARMED(conf=0.83),SENSEX
2025-02-07,VWAP_BOUNCE,PE,NORMAL,0.831,3,2025-02-07 12:46:00,747.4,711.85,2025-02-07 13:30:00,TIME,-38.05,-1181.5,False,ARMED(conf=0.83),SENSEX
2025-02-11,MOMENTUM_BURST,PE,TRENDING_BULL,0.821,3,2025-02-11 12:46:00,713.55,748.72,2025-02-11 13:05:00,TSL,32.67,940.1,True,ARMED(conf=0.82),SENSEX
2025-02-11,VWAP_BOUNCE,PE,TRENDING_BULL,0.821,3,2025-02-11 12:46:00,713.55,748.72,2025-02-11 13:05:00,TSL,32.67,940.1,True,ARMED(conf=0.82),SENSEX
2025-02-12,MOMENTUM_BURST,CE,TRENDING_BULL,0.827,3,2025-02-12 12:46:00,1009.5,992.65,2025-02-12 14:30:00,TIME,-19.35,-620.5,False,ARMED(conf=0.83),SENSEX
2025-02-14,BEAR_TREND_FOLLOWER,PE,TRENDING_BEAR,0.879,3,2025-02-14 12:46:00,637.9,653.856,2025-02-14 12:55:00,TSL,13.46,363.68,True,ARMED(conf=0.88),SENSEX
2025-02-21,GAMMA_BLAST,PE,TRENDING_BEAR,0.827,3,2025-02-21 13:16:00,346.65,355.152,2025-02-21 13:18:00,TSL,6.0,140.06,True,ARMED(conf=0.83),SENSEX
2025-03-03,DAY_LOW_BULLISH,CE,TRENDING_BULL,0.876,3,2025-03-03 12:16:00,1200.0,1261.1,2025-03-03 13:30:00,TIME,58.6,1718.0,True,ARMED(conf=0.88),SENSEX
2025-03-10,VWAP_BOUNCE,CE,NORMAL,0.818,3,2025-03-10 12:46:00,847.0,918.35,2025-03-10 14:30:00,TIME,68.85,2025.5,True,ARMED(conf=0.82),SENSEX
2025-03-17,BEAR_TREND_FOLLOWER,PE,RANGE_BOUND,0.882,3,2025-03-17 12:46:00,477.5,489.936,2025-03-17 13:24:00,TSL,9.94,258.08,True,ARMED(conf=0.88),SENSEX
2025-03-17,MOMENTUM_BURST,PE,RANGE_BOUND,0.826,3,2025-03-17 12:46:00,477.5,500.14300000000003,2025-03-17 13:15:00,TSL,20.14,564.29,True,ARMED(conf=0.83),SENSEX
2025-03-17,VWAP_BOUNCE,PE,RANGE_BOUND,0.826,3,2025-03-17 12:46:00,477.5,500.14300000000003,2025-03-17 13:15:00,TSL,20.14,564.29,True,ARMED(conf=0.83),SENSEX
2025-03-19,SCALPING,CE,RANGE_BOUND,0.824,3,2025-03-19 12:46:00,496.55,533.757,2025-03-19 12:49:00,TSL,34.71,1001.21,True,ARMED(conf=0.82),SENSEX
2025-03-19,MOMENTUM_BURST,CE,RANGE_BOUND,0.824,3,2025-03-19 12:46:00,496.55,533.757,2025-03-19 12:49:00,TSL,34.71,1001.21,True,ARMED(conf=0.82),SENSEX
2025-03-21,ZERO_HERO,CE,TRENDING_BULL,0.84,3,2025-03-21 10:16:00,284.05,297.456,2025-03-21 10:48:00,TSL,10.91,287.18,True,ARMED(conf=0.84),SENSEX
2025-03-21,ZERO_HERO,CE,TRENDING_BULL,0.84,3,2025-03-21 10:31:00,257.25,277.392,2025-03-21 10:38:00,TSL,17.64,489.26,True,ARMED(conf=0.84),SENSEX
2025-04-30,DAY_LOW_BULLISH,CE,RANGE_BOUND,0.897,3,2025-04-30 12:01:00,1487.75,1553.25,2025-04-30 13:00:00,TIME,63.0,1850.0,True,ARMED(conf=0.90),SENSEX
2026-01-13,BEAR_TREND_FOLLOWER,PE,TRENDING_BULL,0.873,3,2026-01-13 12:46:00,585.0,601.2479999999999,2026-01-13 12:48:00,TSL,13.75,372.44,True,ARMED(conf=0.87),SENSEX
2026-01-13,MOMENTUM_BURST,PE,TRENDING_BULL,0.823,3,2026-01-13 12:46:00,585.0,613.774,2026-01-13 12:48:00,TSL,26.27,748.22,True,ARMED(conf=0.82),SENSEX
2026-01-19,MAGIC_SQUARE,PE,RANGE_BOUND,0.861,3,2026-01-19 12:46:00,484.6,534.002,2026-01-19 12:51:00,TSL,46.9,1367.06,True,ARMED(conf=0.86),SENSEX
2026-01-22,BEAR_TREND_FOLLOWER,PE,TRENDING_BEAR,0.893,3,2026-01-22 12:46:00,494.9,518.4,2026-01-22 12:51:00,TSL,21.0,590.0,True,ARMED(conf=0.89),SENSEX
2026-01-23,BEAR_TREND_FOLLOWER,PE,TRENDING_BEAR,0.89,3,2026-01-23 12:46:00,367.5,395.664,2026-01-23 12:47:00,TSL,25.66,729.92,True,ARMED(conf=0.89),SENSEX
2026-01-23,GAMMA_BLAST,PE,TRENDING_BEAR,0.821,3,2026-01-23 13:16:00,398.75,417.59999999999997,2026-01-23 13:17:00,TSL,16.35,450.5,True,ARMED(conf=0.82),SENSEX
2026-01-23,GAMMA_BLAST,PE,TRENDING_BEAR,0.817,3,2026-01-23 13:31:00,418.25,452.8,2026-01-23 13:32:00,TIME,32.05,921.5,True,ARMED(conf=0.82),SENSEX
2026-02-04,MOMENTUM_BURST,PE,RANGE_BOUND,0.83,3,2026-02-04 12:46:00,727.6,951.041,2026-02-04 13:53:00,TSL,220.94,6588.23,True,ARMED(conf=0.83),SENSEX
2026-02-04,VWAP_BOUNCE,PE,RANGE_BOUND,0.83,3,2026-02-04 12:46:00,727.6,951.041,2026-02-04 13:53:00,TSL,220.94,6588.23,True,ARMED(conf=0.83),SENSEX
2026-02-09,EMA_CROSSOVER,PE,RANGE_BOUND,0.816,3,2026-02-09 12:46:00,657.55,632.45,2026-02-09 14:30:00,TIME,-27.6,-868.0,False,ARMED(conf=0.82),SENSEX
2026-02-10,SCALPING,CE,RANGE_BOUND,0.828,3,2026-02-10 12:46:00,828.15,881.804,2026-02-10 13:22:00,TSL,51.15,1494.62,True,ARMED(conf=0.83),SENSEX
2026-02-10,MOMENTUM_BURST,CE,RANGE_BOUND,0.828,3,2026-02-10 12:46:00,828.15,881.804,2026-02-10 13:22:00,TSL,51.15,1494.62,True,ARMED(conf=0.83),SENSEX
2026-02-10,VOLUME_CLIMAX,PE,RANGE_BOUND,0.828,3,2026-02-10 12:46:00,661.45,632.5,2026-02-10 13:00:00,TIME,-31.45,-983.5,False,ARMED(conf=0.83),SENSEX
2026-04-28,BEAR_TREND_FOLLOWER,PE,NORMAL,0.882,3,2026-04-28 12:46:00,392.3,408.0,2026-04-28 12:49:00,TSL,13.2,356.0,True,ARMED(conf=0.88),SENSEX
2026-05-05,MAGIC_SQUARE,PE,NORMAL,0.855,3,2026-05-05 12:46:00,1150.0,1327.8999999999999,2026-05-05 13:16:00,TSL,175.4,5222.0,True,ARMED(conf=0.86),SENSEX
2026-05-13,MOMENTUM_BURST,CE,TRENDING_BEAR,0.828,3,2026-05-13 12:46:00,1155.9,1220.149,2026-05-13 12:55:00,TSL,61.75,1812.47,True,ARMED(conf=0.83),SENSEX
2026-05-14,DAY_HIGH_BEARISH,PE,TRENDING_BEAR,0.839,3,2026-05-14 12:46:00,940.0,955.0,2026-05-14 13:30:00,TIME,12.5,335.0,True,ARMED(conf=0.84),SENSEX
2026-05-22,SCALPING,CE,NORMAL,0.828,3,2026-05-22 12:46:00,568.5,600.691,2026-05-22 12:48:00,TSL,29.69,850.73,True,ARMED(conf=0.83),SENSEX
2026-05-22,MOMENTUM_BURST,CE,NORMAL,0.828,3,2026-05-22 12:46:00,568.5,600.691,2026-05-22 12:48:00,TSL,29.69,850.73,True,ARMED(conf=0.83),SENSEX
2026-05-22,GAMMA_BLAST,PE,NORMAL,0.835,3,2026-05-22 14:01:00,494.5,514.9,2026-05-22 14:02:00,TIME,17.9,497.0,True,ARMED(conf=0.83),SENSEX
2026-05-22,GAMMA_BLAST,PE,NORMAL,0.827,3,2026-05-22 14:16:00,516.65,530.0,2026-05-22 14:17:00,TIME,10.85,285.5,True,ARMED(conf=0.83),SENSEX
2026-05-25,VWAP_BOUNCE,PE,NORMAL,0.831,3,2026-05-25 12:46:00,376.85,411.99199999999996,2026-05-25 12:48:00,TSL,32.64,939.26,True,ARMED(conf=0.83),SENSEX
2026-05-26,MOMENTUM_BURST,PE,NORMAL,0.824,3,2026-05-26 12:46:00,283.75,300.125,2026-05-26 12:54:00,TSL,13.88,376.25,True,ARMED(conf=0.82),SENSEX
2025-02-06,BEAR_TREND_FOLLOWER,PE,RANGE_BOUND,0.88,3,2025-02-06 12:46:00,333.7,336.55,2025-02-06 14:30:00,TIME,2.05,206.0,True,ARMED(conf=0.88),FINNIFTY
2025-02-07,BEAR_TREND_FOLLOWER,PE,TRENDING_BEAR,0.895,3,2025-02-07 12:46:00,304.4,317.18399999999997,2025-02-07 13:56:00,TSL,11.98,1398.08,True,ARMED(conf=0.90),FINNIFTY
2025-02-11,BEAR_TREND_FOLLOWER,PE,TRENDING_BEAR,0.885,3,2025-02-11 12:46:00,284.2,294.62399999999997,2025-02-11 13:05:00,TSL,9.62,1114.88,True,ARMED(conf=0.88),FINNIFTY
2025-02-19,MACD_DIVERGENCE,CE,TRENDING_BULL,0.837,3,2025-02-19 12:46:00,272.45,252.5,2025-02-19 14:30:00,TIME,-20.75,-2530.0,False,ARMED(conf=0.84),FINNIFTY
2025-02-21,MACD_DIVERGENCE,PE,TRENDING_BEAR,0.838,3,2025-02-21 12:46:00,166.5,172.84959999999998,2025-02-21 12:58:00,TSL,5.55,625.95,True,ARMED(conf=0.84),FINNIFTY
2025-02-28,AI_ENHANCED,CE,NORMAL,0.835,3,2025-02-28 12:01:00,440.15,450.864,2025-02-28 12:52:00,TSL,9.91,1149.68,True,ARMED(conf=0.83),FINNIFTY
2025-02-28,AI_ENHANCED,CE,NORMAL,0.83,3,2025-02-28 12:16:00,447.75,473.52,2025-02-28 12:54:00,TSL,24.97,2956.4,True,ARMED(conf=0.83),FINNIFTY
2025-02-28,BEAR_TREND_FOLLOWER,PE,NORMAL,0.88,3,2025-02-28 12:46:00,341.95,351.31199999999995,2025-02-28 13:56:00,TSL,8.56,987.44,True,ARMED(conf=0.88),FINNIFTY
2025-02-28,ULTIMATE_DAY_HIGH_LOW,PE,NORMAL,0.826,3,2025-02-28 12:46:00,341.95,351.31199999999995,2025-02-28 13:56:00,TSL,8.56,987.44,True,ARMED(conf=0.83),FINNIFTY
2025-02-28,EMA_CROSSOVER,PE,NORMAL,0.826,3,2025-02-28 12:46:00,341.95,354.9715,2025-02-28 13:56:00,TSL,12.22,1426.58,True,ARMED(conf=0.83),FINNIFTY
2025-02-28,BOLLINGER_SQUEEZE,PE,NORMAL,0.826,3,2025-02-28 12:46:00,341.95,357.1672,2025-02-28 13:53:00,TSL,14.42,1690.06,True,ARMED(conf=0.83),FINNIFTY
2025-03-07,EMA_CROSSOVER,PE,RANGE_BOUND,0.835,3,2025-03-07 12:46:00,288.75,291.95,2025-03-07 14:30:00,TIME,2.4,248.0,True,ARMED(conf=0.84),FINNIFTY
2025-03-07,MACD_DIVERGENCE,PE,RANGE_BOUND,0.835,3,2025-03-07 12:46:00,288.75,291.95,2025-03-07 14:30:00,TIME,2.4,248.0,True,ARMED(conf=0.84),FINNIFTY
2025-03-13,ENHANCED_BULLISH,CE,NORMAL,0.853,3,2025-03-13 12:46:00,268.7,279.50399999999996,2025-03-13 13:12:00,TSL,10.0,1160.48,True,ARMED(conf=0.85),FINNIFTY
2025-03-18,ZERO_HERO,CE,TRENDING_BULL,0.84,3,2025-03-18 10:01:00,159.9,168.816,2025-03-18 10:08:00,TSL,8.12,933.92,True,ARMED(conf=0.84),FINNIFTY
2025-03-18,ZERO_HERO,CE,TRENDING_BULL,0.84,3,2025-03-18 10:16:00,174.2,177.79199999999997,2025-03-18 10:21:00,TSL,2.79,295.04,True,ARMED(conf=0.84),FINNIFTY
2025-03-20,ULTIMATE_DAY_HIGH_LOW,CE,NORMAL,0.831,3,2025-03-20 12:46:00,184.7,191.136,2025-03-20 13:03:00,TSL,5.64,636.32,True,ARMED(conf=0.83),FINNIFTY
2025-03-25,ZERO_HERO,CE,NORMAL,0.84,3,2025-03-25 10:16:00,102.15,109.056,2025-03-25 10:20:00,TSL,6.11,692.72,True,ARMED(conf=0.84),FINNIFTY
2025-03-25,ZERO_HERO,CE,NORMAL,0.84,3,2025-03-25 11:46:00,109.3,114.672,2025-03-25 12:17:00,TSL,4.57,508.64,True,ARMED(conf=0.84),FINNIFTY
2025-03-28,AI_ENHANCED,CE,NORMAL,0.834,3,2025-03-28 12:01:00,418.45,432.768,2025-03-28 12:08:00,TSL,13.52,1582.16,True,ARMED(conf=0.83),FINNIFTY
2025-04-04,AI_ENHANCED,CE,NORMAL,0.834,3,2025-04-04 12:01:00,369.75,350.05,2025-04-04 14:30:00,TIME,-20.5,-2500.0,False,ARMED(conf=0.83),FINNIFTY
2025-04-04,AI_ENHANCED,CE,NORMAL,0.834,3,2025-04-04 12:16:00,370.55,350.05,2025-04-04 14:30:00,TIME,-21.3,-2596.0,False,ARMED(conf=0.83),FINNIFTY
2025-04-15,MACD_DIVERGENCE,CE,TRENDING_BEAR,0.815,3,2025-04-15 12:46:00,284.4,294.752,2025-04-15 13:12:00,TSL,9.55,1106.24,True,ARMED(conf=0.82),FINNIFTY
2025-04-16,ENHANCED_BULLISH,CE,NORMAL,0.838,3,2025-04-16 12:46:00,262.15,259.0,2025-04-16 14:30:00,TIME,-3.95,-514.0,False,ARMED(conf=0.84),FINNIFTY
2025-04-22,ZERO_HERO,CE,TRENDING_BULL,0.84,3,2025-04-22 10:01:00,77.35,87.88799999999999,2025-04-22 10:16:00,TSL,9.74,1128.56,True,ARMED(conf=0.84),FINNIFTY
2025-04-22,ZERO_HERO,CE,TRENDING_BULL,0.84,3,2025-04-22 10:16:00,76.85,78.288,2025-04-22 10:17:00,TSL,0.64,36.56,True,ARMED(conf=0.84),FINNIFTY
2025-04-30,DAY_HIGH_BEARISH,PE,TRENDING_BEAR,0.825,3,2025-04-30 12:46:00,479.5,491.95,2025-04-30 13:30:00,TIME,11.65,1358.0,True,ARMED(conf=0.83),FINNIFTY
2025-05-02,BEAR_TREND_FOLLOWER,PE,TRENDING_BEAR,0.903,3,2025-05-02 12:46:00,506.7,484.15,2025-05-02 14:30:00,TIME,-23.35,-2842.0,False,ARMED(conf=0.90),FINNIFTY
2026-01-05,MACD_DIVERGENCE,CE,NORMAL,0.84,3,2026-01-05 12:46:00,355.15,427.24399999999997,2026-01-05 14:06:00,TSL,71.29,8515.28,True,ARMED(conf=0.84),FINNIFTY
2026-01-07,DAY_LOW_BULLISH,CE,RANGE_BOUND,0.883,3,2026-01-07 12:46:00,327.45,334.1,2026-01-07 13:00:00,TIME,5.85,662.0,True,ARMED(conf=0.88),FINNIFTY
2026-01-09,RSI_REVERSAL,CE,TRENDING_BEAR,0.821,3,2026-01-09 12:46:00,337.7,350.0,2026-01-09 13:30:00,TIME,11.5,1340.0,True,ARMED(conf=0.82),FINNIFTY
2026-01-13,ULTIMATE_DAY_HIGH_LOW,CE,RANGE_BOUND,0.84,3,2026-01-13 10:31:00,299.1,308.448,2026-01-13 10:44:00,TSL,8.55,985.76,True,ARMED(conf=0.84),FINNIFTY
2026-01-13,BEAR_TREND_FOLLOWER,PE,RANGE_BOUND,0.88,3,2026-01-13 12:46:00,204.0,208.848,2026-01-13 12:50:00,TSL,4.05,445.76,True,ARMED(conf=0.88),FINNIFTY
2026-01-13,BOLLINGER_SQUEEZE,PE,RANGE_BOUND,0.826,3,2026-01-13 12:46:00,204.0,212.3288,2026-01-13 12:49:00,TSL,7.53,863.46,True,ARMED(conf=0.83),FINNIFTY
2026-01-16,ULTIMATE_DAY_HIGH_LOW,CE,RANGE_BOUND,0.84,3,2026-01-16 10:01:00,251.3,257.088,2026-01-16 10:15:00,TSL,4.99,558.56,True,ARMED(conf=0.84),FINNIFTY
2026-01-16,EMA_CROSSOVER,PE,RANGE_BOUND,0.833,3,2026-01-16 12:46:00,193.1,200.3535,2026-01-16 12:53:00,TSL,6.45,734.42,True,ARMED(conf=0.83),FINNIFTY
2026-01-20,ZERO_HERO,CE,TRENDING_BEAR,0.83,3,2026-01-20 11:31:00,149.7,155.23199999999997,2026-01-20 11:50:00,TSL,4.73,527.84,True,ARMED(conf=0.83),FINNIFTY
2026-01-20,ZERO_HERO,CE,TRENDING_BEAR,0.811,3,2026-01-20 11:46:00,156.9,145.0,2026-01-20 13:30:00,TIME,-12.7,-1564.0,False,ARMED(conf=0.81),FINNIFTY
2026-01-20,GAMMA_BLAST,PE,TRENDING_BEAR,0.827,3,2026-01-20 13:31:00,155.7,155.7,2026-01-20 13:32:00,TIME,-0.8,-136.0,False,ARMED(conf=0.83),FINNIFTY
2026-01-21,EMA_CROSSOVER,CE,TRENDING_BEAR,0.827,3,2026-01-21 12:46:00,236.9,251.812,2026-01-21 12:50:00,TSL,14.11,1653.44,True,ARMED(conf=0.83),FINNIFTY
2026-01-22,BEAR_TREND_FOLLOWER,PE,NORMAL,0.918,3,2026-01-22 12:46:00,144.5,147.696,2026-01-22 13:01:00,TSL,2.4,247.52,True,ARMED(conf=0.92),FINNIFTY
2026-01-22,MACD_DIVERGENCE,PE,NORMAL,0.834,3,2026-01-22 12:46:00,144.5,150.1576,2026-01-22 13:00:00,TSL,4.86,542.91,True,ARMED(conf=0.83),FINNIFTY
2026-01-23,BEAR_TREND_FOLLOWER,PE,TRENDING_BEAR,0.916,3,2026-01-23 12:46:00,97.85,114.384,2026-01-23 12:47:00,TSL,15.73,1848.08,True,ARMED(conf=0.92),FINNIFTY
2026-01-23,MACD_DIVERGENCE,PE,TRENDING_BEAR,0.832,3,2026-01-23 12:46:00,97.85,116.2904,2026-01-23 12:47:00,TSL,17.64,2076.85,True,ARMED(conf=0.83),FINNIFTY
2026-01-28,ULTIMATE_DAY_HIGH_LOW,CE,RANGE_BOUND,0.84,3,2026-01-28 10:46:00,510.3,513.75,2026-01-28 14:30:00,TIME,2.65,278.0,True,ARMED(conf=0.84),FINNIFTY
2026-02-02,MACD_DIVERGENCE,CE,TRENDING_BEAR,0.836,3,2026-02-02 12:46:00,493.3,511.912,2026-02-02 13:18:00,TSL,17.81,2097.44,True,ARMED(conf=0.84),FINNIFTY
2026-02-09,ULTIMATE_DAY_HIGH_LOW,CE,RANGE_BOUND,0.827,3,2026-02-09 12:16:00,286.7,297.59999999999997,2026-02-09 12:55:00,TSL,10.1,1172.0,True,ARMED(conf=0.83),FINNIFTY
2026-02-09,OPTIONS_GREEKS,PE,RANGE_BOUND,0.834,3,2026-02-09 12:46:00,255.0,264.0,2026-02-09 14:30:00,TIME,8.2,944.0,True,ARMED(conf=0.83),FINNIFTY
2026-02-10,BOLLINGER_SQUEEZE,CE,NORMAL,0.824,3,2026-02-10 12:46:00,274.35,263.15,2026-02-10 13:30:00,TIME,-12.0,-1480.0,False,ARMED(conf=0.82),FINNIFTY
2026-02-11,EMA_CROSSOVER,CE,RANGE_BOUND,0.836,3,2026-02-11 12:46:00,238.65,246.38,2026-02-11 13:03:00,TSL,6.93,791.6,True,ARMED(conf=0.84),FINNIFTY
2026-02-13,BEAR_TREND_FOLLOWER,PE,TRENDING_BEAR,0.871,3,2026-02-13 12:46:00,194.15,205.248,2026-02-13 13:08:00,TSL,10.3,1195.76,True,ARMED(conf=0.87),FINNIFTY
2026-02-17,OPTIONS_GREEKS,PE,RANGE_BOUND,0.83,3,2026-02-17 12:46:00,200.0,212.64,2026-02-17 12:56:00,TSL,11.84,1380.8,True,ARMED(conf=0.83),FINNIFTY
2026-02-20,OPTIONS_GREEKS,PE,TRENDING_BULL,0.839,3,2026-02-20 12:46:00,148.0,163.392,2026-02-20 12:48:00,TSL,14.59,1711.04,True,ARMED(conf=0.84),FINNIFTY
2026-02-23,MACD_DIVERGENCE,PE,TRENDING_BULL,0.83,3,2026-02-23 12:46:00,137.85,114.5,2026-02-23 14:30:00,TIME,-24.15,-2938.0,False,ARMED(conf=0.83),FINNIFTY
2026-02-24,ZERO_HERO,PE,TRENDING_BEAR,0.84,3,2026-02-24 10:01:00,153.3,160.75199999999998,2026-02-24 10:08:00,TSL,6.65,758.24,True,ARMED(conf=0.84),FINNIFTY
2026-02-24,ZERO_HERO,PE,TRENDING_BEAR,0.84,3,2026-02-24 10:31:00,153.75,115.3125,2026-02-24 10:44:00,SL,-39.24,-4748.5,False,ARMED(conf=0.84),FINNIFTY
2026-02-24,ZERO_HERO,PE,TRENDING_BEAR,0.84,3,2026-02-24 10:46:00,119.1,132.48,2026-02-24 10:48:00,TSL,12.58,1469.6,True,ARMED(conf=0.84),FINNIFTY
2026-02-24,ZERO_HERO,CE,TRENDING_BEAR,0.831,3,2026-02-24 11:16:00,26.75,30.383999999999997,2026-02-24 11:19:00,TSL,2.83,300.08,True,ARMED(conf=0.83),FINNIFTY
2026-02-24,ZERO_HERO,CE,TRENDING_BEAR,0.817,3,2026-02-24 12:01:00,27.15,27.791999999999998,2026-02-24 12:02:00,TSL,-0.16,-58.96,False,ARMED(conf=0.82),FINNIFTY
2026-02-24,ZERO_HERO,PE,TRENDING_BEAR,0.829,3,2026-02-24 12:16:00,113.95,125.47199999999998,2026-02-24 12:19:00,TSL,10.72,1246.64,True,ARMED(conf=0.83),FINNIFTY
2026-02-24,ZERO_HERO,PE,TRENDING_BEAR,0.829,3,2026-02-24 12:31:00,111.85,123.6,2026-02-24 12:33:00,TSL,10.95,1274.0,True,ARMED(conf=0.83),FINNIFTY
2026-02-24,ZERO_HERO,PE,TRENDING_BEAR,0.825,3,2026-02-24 12:46:00,123.05,140.16,2026-02-24 12:47:00,TSL,16.31,1917.2,True,ARMED(conf=0.83),FINNIFTY
2026-02-24,ZERO_HERO,PE,TRENDING_BEAR,0.83,3,2026-02-24 13:16:00,114.8,128.16,2026-02-24 13:29:00,TSL,12.56,1467.2,True,ARMED(conf=0.83),FINNIFTY
2026-02-24,GAMMA_BLAST,PE,TRENDING_BEAR,0.807,3,2026-02-24 13:31:00,44.15,61.4,2026-02-24 13:32:00,TIME,16.45,1934.0,True,ARMED(conf=0.81),FINNIFTY
2026-02-24,ZERO_HERO,PE,TRENDING_BEAR,0.807,3,2026-02-24 13:31:00,103.2,129.55,2026-02-24 13:32:00,TIME,25.55,3026.0,True,ARMED(conf=0.81),FINNIFTY
2026-02-24,ZERO_HERO,PE,TRENDING_BEAR,0.834,3,2026-02-24 14:16:00,131.85,134.95,2026-02-24 14:17:00,TIME,2.3,236.0,True,ARMED(conf=0.83),FINNIFTY
2026-02-24,ZERO_HERO,PE,TRENDING_BEAR,0.832,3,2026-02-24 14:31:00,136.5,95.55,2026-02-24 14:32:00,TIME,-41.75,-5050.0,False,ARMED(conf=0.83),FINNIFTY
2026-02-25,BOLLINGER_SQUEEZE,PE,RANGE_BOUND,0.818,3,2026-02-25 12:46:00,375.85,379.0,2026-02-25 14:30:00,TIME,2.35,242.0,True,ARMED(conf=0.82),FINNIFTY
2026-02-26,BEAR_TREND_FOLLOWER,PE,NORMAL,0.881,3,2026-02-26 12:46:00,380.2,381.85,2026-02-26 14:30:00,TIME,0.85,62.0,True,ARMED(conf=0.88),FINNIFTY
2026-02-27,BEAR_TREND_FOLLOWER,PE,TRENDING_BEAR,0.875,3,2026-02-27 12:46:00,374.9,372.55,2026-02-27 14:30:00,TIME,-3.15,-418.0,False,ARMED(conf=0.88),FINNIFTY
2026-03-05,AI_ENHANCED,CE,TRENDING_BULL,0.839,3,2026-03-05 12:16:00,605.4,605.0,2026-03-05 14:30:00,TIME,-1.2,-184.0,False,ARMED(conf=0.84),FINNIFTY
2026-03-05,AI_ENHANCED,CE,TRENDING_BULL,0.839,3,2026-03-05 12:46:00,619.0,605.0,2026-03-05 14:30:00,TIME,-14.8,-1816.0,False,ARMED(conf=0.84),FINNIFTY
2026-03-06,BEAR_TREND_FOLLOWER,PE,TRENDING_BEAR,0.882,3,2026-03-06 12:46:00,478.15,489.35999999999996,2026-03-06 14:19:00,TSL,10.41,1209.2,True,ARMED(conf=0.88),FINNIFTY
2026-04-24,PUT_WRITER_SUPPORT,CE,TRENDING_BULL,0.838,3,2026-04-24 12:46:00,242.15,256.424,2026-04-24 13:10:00,TSL,13.47,1576.88,True,ARMED(conf=0.84),FINNIFTY
2026-04-28,ZERO_HERO,PE,TRENDING_BEAR,0.828,3,2026-04-28 11:01:00,96.45,99.84,2026-04-28 11:02:00,TSL,2.59,270.8,True,ARMED(conf=0.83),FINNIFTY
2026-04-28,ZERO_HERO,PE,TRENDING_BEAR,0.819,3,2026-04-28 11:16:00,91.65,103.67999999999999,2026-04-28 11:17:00,TSL,11.23,1307.6,True,ARMED(conf=0.82),FINNIFTY
2026-04-28,ZERO_HERO,PE,TRENDING_BEAR,0.818,3,2026-04-28 11:46:00,126.2,131.04,2026-04-28 11:56:00,TSL,4.04,444.8,True,ARMED(conf=0.82),FINNIFTY
2026-04-28,ZERO_HERO,PE,TRENDING_BEAR,0.817,3,2026-04-28 12:01:00,113.4,125.328,2026-04-28 12:02:00,TSL,11.13,1295.36,True,ARMED(conf=0.82),FINNIFTY
2026-04-28,ZERO_HERO,PE,TRENDING_BEAR,0.816,3,2026-04-28 12:16:00,105.7,135.40800000000002,2026-04-28 12:18:00,TSL,28.91,3428.96,True,ARMED(conf=0.82),FINNIFTY
2026-04-28,ZERO_HERO,PE,TRENDING_BEAR,0.824,3,2026-04-28 12:46:00,94.4,103.824,2026-04-28 12:47:00,TSL,8.62,994.88,True,ARMED(conf=0.82),FINNIFTY
2026-04-28,ZERO_HERO,PE,TRENDING_BEAR,0.827,3,2026-04-28 13:16:00,101.7,124.416,2026-04-28 13:24:00,TSL,21.92,2589.92,True,ARMED(conf=0.83),FINNIFTY
2026-04-28,ZERO_HERO,PE,TRENDING_BEAR,0.824,3,2026-04-28 13:31:00,121.85,115.55,2026-04-28 13:32:00,TIME,-7.1,-892.0,False,ARMED(conf=0.82),FINNIFTY
2026-04-28,ZERO_HERO,PE,TRENDING_BEAR,0.824,3,2026-04-28 14:01:00,127.35,124.0,2026-04-28 14:02:00,TIME,-4.15,-538.0,False,ARMED(conf=0.82),FINNIFTY
2026-05-26,ZERO_HERO,CE,NORMAL,0.84,3,2026-05-26 10:16:00,40.2,30.150000000000002,2026-05-26 10:20:00,SL,-10.85,-1342.0,False,ARMED(conf=0.84),FINNIFTY
2026-05-26,ZERO_HERO,CE,NORMAL,0.84,3,2026-05-26 10:31:00,28.4,29.376,2026-05-26 10:32:00,TSL,0.18,-18.88,False,ARMED(conf=0.84),FINNIFTY
2026-05-26,ZERO_HERO,PE,NORMAL,0.831,3,2026-05-26 11:46:00,127.9,95.92500000000001,2026-05-26 11:58:00,SL,-32.77,-3973.0,False,ARMED(conf=0.83),FINNIFTY
2026-05-26,ZERO_HERO,PE,NORMAL,0.826,3,2026-05-26 12:01:00,117.2,128.544,2026-05-26 12:02:00,TSL,10.54,1225.28,True,ARMED(conf=0.83),FINNIFTY
2026-05-26,ZERO_HERO,PE,NORMAL,0.825,3,2026-05-26 12:16:00,144.0,108.0,2026-05-26 12:28:00,SL,-36.8,-4456.0,False,ARMED(conf=0.83),FINNIFTY
2026-05-26,ZERO_HERO,PE,NORMAL,0.824,3,2026-05-26 12:31:00,130.0,132.816,2026-05-26 12:33:00,TSL,2.02,201.92,True,ARMED(conf=0.82),FINNIFTY
2026-05-26,ZERO_HERO,PE,NORMAL,0.82,3,2026-05-26 13:01:00,93.0,99.88799999999999,2026-05-26 13:02:00,TSL,6.09,690.56,True,ARMED(conf=0.82),FINNIFTY
2026-05-26,GAMMA_BLAST,PE,NORMAL,0.824,3,2026-05-26 13:31:00,56.55,56.55,2026-05-26 13:32:00,TIME,-0.8,-136.0,False,ARMED(conf=0.82),FINNIFTY
2026-05-26,ZERO_HERO,PE,NORMAL,0.824,3,2026-05-26 13:31:00,125.55,126.45,2026-05-26 13:32:00,TIME,0.1,-28.0,False,ARMED(conf=0.82),FINNIFTY
2026-05-26,ZERO_HERO,PE,NORMAL,0.823,3,2026-05-26 13:46:00,99.2,98.15,2026-05-26 13:47:00,TIME,-1.85,-262.0,False,ARMED(conf=0.82),FINNIFTY
2026-05-26,ZERO_HERO,PE,NORMAL,0.822,3,2026-05-26 14:01:00,87.7,128.4,2026-05-26 14:02:00,TIME,39.9,4748.0,True,ARMED(conf=0.82),FINNIFTY
2026-05-26,ZERO_HERO,PE,NORMAL,0.821,3,2026-05-26 14:31:00,111.35,107.6,2026-05-26 14:32:00,TIME,-4.55,-586.0,False,ARMED(conf=0.82),FINNIFTY
2026-05-27,ULTIMATE_DAY_HIGH_LOW,CE,NORMAL,0.84,3,2026-05-27 10:16:00,624.95,639.456,2026-05-27 10:49:00,TSL,13.71,1604.72,True,ARMED(conf=0.84),FINNIFTY
2025-02-04,MOMENTUM_BURST,CE,TRENDING_BULL,0.823,3,2025-02-04 12:46:00,939.0,895.9,2025-02-04 14:30:00,TIME,-44.6,-2047.0,False,ARMED(conf=0.82),BANKNIFTY
2025-02-04,ATR_BREAK,CE,TRENDING_BULL,0.823,3,2025-02-04 12:46:00,939.0,895.9,2025-02-04 14:30:00,TIME,-44.6,-2047.0,False,ARMED(conf=0.82),BANKNIFTY
2025-02-07,BEAR_TREND_FOLLOWER,PE,TRENDING_BEAR,0.891,3,2025-02-07 12:46:00,614.85,630.336,2025-02-07 13:06:00,TSL,13.99,589.37,True,ARMED(conf=0.89),BANKNIFTY
2025-02-11,BEAR_TREND_FOLLOWER,PE,TRENDING_BEAR,0.888,3,2025-02-11 12:46:00,583.15,598.56,2025-02-11 13:00:00,TSL,13.91,585.95,True,ARMED(conf=0.89),BANKNIFTY
2025-02-11,MOMENTUM_BURST,PE,TRENDING_BEAR,0.828,3,2025-02-11 12:46:00,583.15,611.03,2025-02-11 12:57:00,TSL,26.38,1147.1,True,ARMED(conf=0.83),BANKNIFTY
2025-02-11,ATR_BREAK,PE,TRENDING_BEAR,0.828,3,2025-02-11 12:46:00,583.15,604.795,2025-02-11 12:57:00,TSL,20.14,866.52,True,ARMED(conf=0.83),BANKNIFTY
2025-02-28,AI_ENHANCED,CE,NORMAL,0.835,3,2025-02-28 12:16:00,956.55,974.592,2025-02-28 13:24:00,TSL,16.54,704.39,True,ARMED(conf=0.84),BANKNIFTY
2025-03-03,AI_ENHANCED,CE,TRENDING_BEAR,0.829,3,2025-03-03 12:31:00,927.55,952.56,2025-03-03 12:53:00,TSL,23.51,1017.95,True,ARMED(conf=0.83),BANKNIFTY
2025-03-04,AI_ENHANCED,CE,TRENDING_BULL,0.836,3,2025-03-04 12:16:00,842.0,858.816,2025-03-04 12:34:00,TSL,15.32,649.22,True,ARMED(conf=0.84),BANKNIFTY
2025-03-04,AI_ENHANCED,CE,TRENDING_BULL,0.835,3,2025-03-04 12:31:00,887.0,849.2,2025-03-04 14:30:00,TIME,-39.3,-1808.5,False,ARMED(conf=0.84),BANKNIFTY
2025-03-13,AI_ENHANCED,CE,NORMAL,0.838,3,2025-03-13 12:31:00,572.2,565.2,2025-03-13 14:30:00,TIME,-8.5,-422.5,False,ARMED(conf=0.84),BANKNIFTY
2025-03-19,MOMENTUM_BURST,CE,TRENDING_BULL,0.823,3,2025-03-19 12:46:00,455.8,411.7,2025-03-19 13:30:00,TIME,-45.6,-2092.0,False,ARMED(conf=0.82),BANKNIFTY
2025-03-19,ATR_BREAK,CE,TRENDING_BULL,0.823,3,2025-03-19 12:46:00,455.8,411.7,2025-03-19 13:30:00,TIME,-45.6,-2092.0,False,ARMED(conf=0.82),BANKNIFTY
2025-03-20,ULTIMATE_DAY_HIGH_LOW,CE,RANGE_BOUND,0.833,3,2025-03-20 12:46:00,375.65,394.56,2025-03-20 13:12:00,TSL,17.41,743.45,True,ARMED(conf=0.83),BANKNIFTY
2025-03-24,OPTIONS_GREEKS,PE,TRENDING_BULL,0.832,3,2025-03-24 12:46:00,359.45,319.5,2025-03-24 14:30:00,TIME,-41.45,-1905.25,False,ARMED(conf=0.83),BANKNIFTY
2025-04-23,ZERO_HERO,PE,TRENDING_BEAR,0.821,3,2025-04-23 11:01:00,286.1,334.032,2025-04-23 11:03:00,TSL,46.43,2049.44,True,ARMED(conf=0.82),BANKNIFTY
2025-04-23,ZERO_HERO,PE,TRENDING_BEAR,0.83,3,2025-04-23 11:46:00,281.65,311.28,2025-04-23 11:48:00,TSL,28.13,1225.85,True,ARMED(conf=0.83),BANKNIFTY
2025-04-23,ZERO_HERO,PE,TRENDING_BEAR,0.828,3,2025-04-23 12:01:00,270.15,300.14399999999995,2025-04-23 12:14:00,TSL,28.49,1242.23,True,ARMED(conf=0.83),BANKNIFTY
2025-04-23,ZERO_HERO,PE,TRENDING_BEAR,0.826,3,2025-04-23 12:16:00,231.7,250.272,2025-04-23 12:17:00,TSL,17.07,728.24,True,ARMED(conf=0.83),BANKNIFTY
2025-04-23,ZERO_HERO,PE,TRENDING_BEAR,0.836,3,2025-04-23 13:01:00,264.65,317.18399999999997,2025-04-23 13:03:00,TSL,51.03,2256.53,True,ARMED(conf=0.84),BANKNIFTY
2025-04-23,ZERO_HERO,PE,TRENDING_BEAR,0.835,3,2025-04-23 14:01:00,258.2,255.45,2025-04-23 14:02:00,TIME,-4.25,-231.25,False,ARMED(conf=0.83),BANKNIFTY
2025-04-23,ZERO_HERO,PE,TRENDING_BEAR,0.816,3,2025-04-23 14:16:00,276.95,272.85,2025-04-23 14:17:00,TIME,-5.6,-292.0,False,ARMED(conf=0.82),BANKNIFTY
2025-04-23,ZERO_HERO,PE,TRENDING_BEAR,0.84,3,2025-04-23 14:31:00,274.65,266.6,2025-04-23 14:32:00,TIME,-9.55,-469.75,False,ARMED(conf=0.84),BANKNIFTY
2025-04-28,MOMENTUM_BURST,CE,TRENDING_BULL,0.823,3,2025-04-28 12:46:00,1174.5,1221.815,2025-04-28 12:56:00,TSL,45.82,2021.68,True,ARMED(conf=0.82),BANKNIFTY
2025-04-28,ATR_BREAK,CE,TRENDING_BULL,0.823,3,2025-04-28 12:46:00,1174.5,1209.3474999999999,2025-04-28 12:57:00,TSL,33.35,1460.64,True,ARMED(conf=0.82),BANKNIFTY
2025-04-30,VWAP_BOUNCE,PE,NORMAL,0.837,3,2025-04-30 12:46:00,1045.85,1057.85,2025-04-30 13:30:00,TIME,10.5,432.5,True,ARMED(conf=0.84),BANKNIFTY
2025-05-02,BEAR_TREND_FOLLOWER,PE,NORMAL,0.876,3,2025-05-02 12:46:00,1078.5,1027.6,2025-05-02 14:30:00,TIME,-52.4,-2398.0,False,ARMED(conf=0.88),BANKNIFTY
2026-01-08,BEAR_TREND_FOLLOWER,PE,NORMAL,0.894,3,2026-01-08 12:46:00,482.35,443.3,2026-01-08 14:30:00,TIME,-40.55,-1864.75,False,ARMED(conf=0.89),BANKNIFTY
2026-01-09,OPTIONS_GREEKS,CE,TRENDING_BEAR,0.825,3,2026-01-09 12:46:00,679.8,720.192,2026-01-09 12:49:00,TSL,38.89,1710.14,True,ARMED(conf=0.83),BANKNIFTY
2026-01-12,ULTIMATE_DAY_HIGH_LOW,CE,NORMAL,0.824,3,2026-01-12 12:16:00,663.3,676.8,2026-01-12 12:17:00,TSL,12.0,500.0,True,ARMED(conf=0.82),BANKNIFTY
2026-01-12,DAY_HIGH_BEARISH,PE,NORMAL,0.827,3,2026-01-12 12:46:00,419.25,415.0,2026-01-12 13:00:00,TIME,-5.75,-298.75,False,ARMED(conf=0.83),BANKNIFTY
2026-01-13,BEAR_TREND_FOLLOWER,PE,NORMAL,0.879,3,2026-01-13 12:46:00,434.15,454.128,2026-01-13 12:48:00,TSL,18.48,791.51,True,ARMED(conf=0.88),BANKNIFTY
2026-01-13,MOMENTUM_BURST,PE,NORMAL,0.825,3,2026-01-13 12:46:00,434.15,463.589,2026-01-13 12:48:00,TSL,27.94,1217.26,True,ARMED(conf=0.82),BANKNIFTY
2026-01-13,BOLLINGER_SQUEEZE,PE,NORMAL,0.825,3,2026-01-13 12:46:00,434.15,463.589,2026-01-13 12:48:00,TSL,27.94,1217.26,True,ARMED(conf=0.82),BANKNIFTY
2026-01-13,ATR_BREAK,PE,NORMAL,0.825,3,2026-01-13 12:46:00,434.15,458.8585,2026-01-13 12:48:00,TSL,23.21,1004.38,True,ARMED(conf=0.82),BANKNIFTY
2026-01-19,SCALPING,CE,RANGE_BOUND,0.827,3,2026-01-19 12:46:00,406.2,428.505,2026-01-19 13:10:00,TSL,20.81,896.23,True,ARMED(conf=0.83),BANKNIFTY
2026-01-19,VWAP_BOUNCE,CE,RANGE_BOUND,0.827,3,2026-01-19 12:46:00,406.2,428.505,2026-01-19 13:10:00,TSL,20.81,896.23,True,ARMED(conf=0.83),BANKNIFTY
2026-01-22,ULTIMATE_DAY_HIGH_LOW,CE,NORMAL,0.839,3,2026-01-22 12:16:00,415.2,425.472,2026-01-22 12:17:00,TSL,8.77,354.74,True,ARMED(conf=0.84),BANKNIFTY
2026-01-22,BEAR_TREND_FOLLOWER,PE,NORMAL,0.917,3,2026-01-22 12:46:00,304.65,316.46399999999994,2026-01-22 12:47:00,TSL,10.31,424.13,True,ARMED(conf=0.92),BANKNIFTY
2026-01-29,MOMENTUM_BURST,CE,TRENDING_BULL,0.822,3,2026-01-29 12:46:00,993.3,948.7,2026-01-29 14:30:00,TIME,-46.1,-2114.5,False,ARMED(conf=0.82),BANKNIFTY
2026-01-29,ATR_BREAK,CE,TRENDING_BULL,0.822,3,2026-01-29 12:46:00,993.3,948.7,2026-01-29 14:30:00,TIME,-46.1,-2114.5,False,ARMED(conf=0.82),BANKNIFTY
2026-02-09,MOMENTUM_BURST,PE,RANGE_BOUND,0.825,3,2026-02-09 12:46:00,486.85,513.05,2026-02-09 14:30:00,TIME,24.7,1071.5,True,ARMED(conf=0.82),BANKNIFTY
2026-02-09,VWAP_BOUNCE,PE,RANGE_BOUND,0.825,3,2026-02-09 12:46:00,486.85,513.05,2026-02-09 14:30:00,TIME,24.7,1071.5,True,ARMED(conf=0.82),BANKNIFTY
2026-02-09,BOLLINGER_SQUEEZE,PE,RANGE_BOUND,0.825,3,2026-02-09 12:46:00,486.85,513.05,2026-02-09 14:30:00,TIME,24.7,1071.5,True,ARMED(conf=0.82),BANKNIFTY
2026-02-09,ATR_BREAK,PE,RANGE_BOUND,0.825,3,2026-02-09 12:46:00,486.85,513.05,2026-02-09 14:30:00,TIME,24.7,1071.5,True,ARMED(conf=0.82),BANKNIFTY
2026-02-10,SCALPING,CE,NORMAL,0.827,3,2026-02-10 12:46:00,503.05,552.72,2026-02-10 13:00:00,TSL,48.17,2127.65,True,ARMED(conf=0.83),BANKNIFTY
2026-02-10,OPTIONS_GREEKS,PE,NORMAL,0.827,3,2026-02-10 12:46:00,484.3,478.25,2026-02-10 14:30:00,TIME,-7.55,-379.75,False,ARMED(conf=0.83),BANKNIFTY
2026-02-10,MOMENTUM_BURST,CE,NORMAL,0.827,3,2026-02-10 12:46:00,503.05,552.72,2026-02-10 13:00:00,TSL,48.17,2127.65,True,ARMED(conf=0.83),BANKNIFTY
2026-02-13,BEAR_TREND_FOLLOWER,PE,TRENDING_BEAR,0.886,3,2026-02-13 12:46:00,397.9,379.25,2026-02-13 14:30:00,TIME,-20.15,-946.75,False,ARMED(conf=0.89),BANKNIFTY
2026-02-18,ZERO_HERO,CE,TRENDING_BULL,0.84,3,2026-02-18 10:01:00,234.3,254.39999999999998,2026-02-18 10:07:00,TSL,18.6,797.0,True,ARMED(conf=0.84),BANKNIFTY
2026-02-18,ZERO_HERO,CE,TRENDING_BULL,0.84,3,2026-02-18 10:16:00,249.35,187.0125,2026-02-18 12:38:00,SL,-63.84,-2912.69,False,ARMED(conf=0.84),BANKNIFTY
2026-02-25,MOMENTUM_BURST,PE,TRENDING_BEAR,0.816,3,2026-02-25 12:46:00,718.1,731.0,2026-02-25 13:30:00,TIME,11.4,473.0,True,ARMED(conf=0.82),BANKNIFTY
2026-02-25,BOLLINGER_SQUEEZE,PE,TRENDING_BEAR,0.816,3,2026-02-25 12:46:00,718.1,731.0,2026-02-25 13:30:00,TIME,11.4,473.0,True,ARMED(conf=0.82),BANKNIFTY
2026-02-25,ATR_BREAK,PE,TRENDING_BEAR,0.816,3,2026-02-25 12:46:00,718.1,731.0,2026-02-25 13:30:00,TIME,11.4,473.0,True,ARMED(conf=0.82),BANKNIFTY
2026-02-26,BEAR_TREND_FOLLOWER,PE,RANGE_BOUND,0.883,3,2026-02-26 12:46:00,689.8,706.272,2026-02-26 13:33:00,TSL,14.97,633.74,True,ARMED(conf=0.88),BANKNIFTY
2026-03-06,BEAR_TREND_FOLLOWER,PE,TRENDING_BEAR,0.89,3,2026-03-06 12:46:00,916.05,939.936,2026-03-06 14:01:00,TSL,22.39,967.37,True,ARMED(conf=0.89),BANKNIFTY
2026-04-29,AI_ENHANCED,CE,TRENDING_BEAR,0.821,3,2026-04-29 12:01:00,1302.55,1317.7,2026-04-29 13:30:00,TIME,13.65,574.25,True,ARMED(conf=0.82),BANKNIFTY
2026-04-29,AI_ENHANCED,CE,TRENDING_BEAR,0.819,3,2026-04-29 12:16:00,1310.0,1317.7,2026-04-29 13:30:00,TIME,6.2,239.0,True,ARMED(conf=0.82),BANKNIFTY
2026-05-07,ULTIMATE_DAY_HIGH_LOW,CE,NORMAL,0.836,3,2026-05-07 12:01:00,1002.0,1043.28,2026-05-07 12:05:00,TSL,39.78,1750.1,True,ARMED(conf=0.84),BANKNIFTY
2026-05-07,OPTIONS_GREEKS,PE,NORMAL,0.834,3,2026-05-07 12:46:00,795.15,825.216,2026-05-07 12:52:00,TSL,28.57,1245.47,True,ARMED(conf=0.83),BANKNIFTY
2026-05-08,BEAR_TREND_FOLLOWER,PE,TRENDING_BEAR,0.881,3,2026-05-08 12:46:00,855.05,877.2479999999999,2026-05-08 14:14:00,TSL,20.7,891.41,True,ARMED(conf=0.88),BANKNIFTY
2026-05-22,MOMENTUM_BURST,CE,TRENDING_BULL,0.826,3,2026-05-22 12:46:00,407.35,427.721,2026-05-22 12:47:00,TSL,18.87,809.19,True,ARMED(conf=0.83),BANKNIFTY
2026-05-22,BOLLINGER_SQUEEZE,CE,TRENDING_BULL,0.826,3,2026-05-22 12:46:00,407.35,427.721,2026-05-22 12:47:00,TSL,18.87,809.19,True,ARMED(conf=0.83),BANKNIFTY
2025-02-04,MOMENTUM_BURST,CE,TRENDING_BULL,0.821,3,2025-02-04 12:46:00,360.0,326.15,2025-02-04 14:30:00,TIME,-34.35,-7768.75,False,ARMED(conf=0.82),NIFTY
2025-02-04,ATR_BREAK,CE,TRENDING_BULL,0.821,3,2025-02-04 12:46:00,360.0,326.15,2025-02-04 14:30:00,TIME,-34.35,-7768.75,False,ARMED(conf=0.82),NIFTY
2025-02-05,MOMENTUM_BURST,PE,NORMAL,0.829,3,2025-02-05 12:46:00,275.55,269.0,2025-02-05 14:30:00,TIME,-7.05,-1626.25,False,ARMED(conf=0.83),NIFTY
2025-02-05,ATR_BREAK,PE,NORMAL,0.829,3,2025-02-05 12:46:00,275.55,269.0,2025-02-05 14:30:00,TIME,-7.05,-1626.25,False,ARMED(conf=0.83),NIFTY
2025-02-06,MOMENTUM_BURST,PE,TRENDING_BEAR,0.821,3,2025-02-06 12:46:00,262.65,262.45,2025-02-06 13:30:00,TIME,-0.7,-197.5,False,ARMED(conf=0.82),NIFTY
2025-02-06,ATR_BREAK,PE,TRENDING_BEAR,0.821,3,2025-02-06 12:46:00,262.65,262.45,2025-02-06 13:30:00,TIME,-0.7,-197.5,False,ARMED(conf=0.82),NIFTY
2025-02-11,MOMENTUM_BURST,PE,TRENDING_BEAR,0.819,3,2025-02-11 12:46:00,233.5,256.0384,2025-02-11 13:14:00,TSL,22.04,4918.64,True,ARMED(conf=0.82),NIFTY
2025-02-11,BOLLINGER_SQUEEZE,PE,TRENDING_BEAR,0.819,3,2025-02-11 12:46:00,233.5,256.0384,2025-02-11 13:14:00,TSL,22.04,4918.64,True,ARMED(conf=0.82),NIFTY
2025-02-11,ATR_BREAK,PE,TRENDING_BEAR,0.819,3,2025-02-11 12:46:00,233.5,251.2576,2025-02-11 13:15:00,TSL,17.26,3842.96,True,ARMED(conf=0.82),NIFTY
2025-02-18,MACD_DIVERGENCE,PE,TRENDING_BEAR,0.837,3,2025-02-18 12:46:00,202.35,204.65,2025-02-18 14:30:00,TIME,1.8,365.0,True,ARMED(conf=0.84),NIFTY
2025-02-19,MACD_DIVERGENCE,CE,TRENDING_BULL,0.838,3,2025-02-19 12:46:00,222.8,234.75,2025-02-19 14:30:00,TIME,11.45,2536.25,True,ARMED(conf=0.84),NIFTY
2025-02-21,MACD_DIVERGENCE,PE,TRENDING_BEAR,0.834,3,2025-02-21 12:46:00,128.05,145.082,2025-02-21 13:07:00,TSL,16.53,3679.7,True,ARMED(conf=0.83),NIFTY
2025-02-24,ULTIMATE_DAY_HIGH_LOW,CE,NORMAL,0.839,3,2025-02-24 11:46:00,145.0,147.79199999999997,2025-02-24 11:47:00,TSL,2.29,475.7,True,ARMED(conf=0.84),NIFTY
2025-02-24,PUT_WRITER_SUPPORT,CE,NORMAL,0.84,3,2025-02-24 12:46:00,155.6,141.45,2025-02-24 14:30:00,TIME,-14.65,-3336.25,False,ARMED(conf=0.84),NIFTY
2025-02-25,MACD_DIVERGENCE,CE,RANGE_BOUND,0.838,3,2025-02-25 12:46:00,86.0,88.2112,2025-02-25 12:49:00,TSL,1.71,345.02,True,ARMED(conf=0.84),NIFTY
2025-02-27,ZERO_HERO,PE,NORMAL,0.84,3,2025-02-27 10:46:00,98.5,101.184,2025-02-27 11:00:00,TSL,2.18,451.4,True,ARMED(conf=0.84),NIFTY
2025-02-27,ZERO_HERO,PE,NORMAL,0.832,3,2025-02-27 11:16:00,91.0,103.056,2025-02-27 11:30:00,TSL,11.56,2560.1,True,ARMED(conf=0.83),NIFTY
2025-02-27,GAMMA_BLAST,CE,NORMAL,0.828,3,2025-02-27 14:16:00,6.9,6.15,2025-02-27 14:17:00,TIME,-1.25,-321.25,False,ARMED(conf=0.83),NIFTY
2025-02-28,MOMENTUM_BURST,PE,TRENDING_BEAR,0.82,3,2025-02-28 12:46:00,261.2,265.45,2025-02-28 14:30:00,TIME,3.75,803.75,True,ARMED(conf=0.82),NIFTY
2025-02-28,BOLLINGER_SQUEEZE,PE,TRENDING_BEAR,0.82,3,2025-02-28 12:46:00,261.2,265.45,2025-02-28 14:30:00,TIME,3.75,803.75,True,ARMED(conf=0.82),NIFTY
2025-02-28,ATR_BREAK,PE,TRENDING_BEAR,0.82,3,2025-02-28 12:46:00,261.2,265.45,2025-02-28 14:30:00,TIME,3.75,803.75,True,ARMED(conf=0.82),NIFTY
2025-03-06,MOMENTUM_BURST,CE,TRENDING_BULL,0.828,3,2025-03-06 12:46:00,321.0,336.5,2025-03-06 13:30:00,TIME,15.0,3335.0,True,ARMED(conf=0.83),NIFTY
2025-03-12,OPTIONS_GREEKS,CE,TRENDING_BEAR,0.834,3,2025-03-12 12:46:00,262.65,274.55,2025-03-12 14:30:00,TIME,11.4,2525.0,True,ARMED(conf=0.83),NIFTY
2025-03-18,MACD_DIVERGENCE,CE,TRENDING_BULL,0.839,3,2025-03-18 12:46:00,218.9,202.1,2025-03-18 14:30:00,TIME,-17.3,-3932.5,False,ARMED(conf=0.84),NIFTY
2025-03-20,MOMENTUM_BURST,CE,TRENDING_BULL,0.823,3,2025-03-20 12:46:00,153.05,170.1942,2025-03-20 13:22:00,TSL,16.64,3704.94,True,ARMED(conf=0.82),NIFTY
2025-03-20,ATR_BREAK,CE,TRENDING_BULL,0.823,3,2025-03-20 12:46:00,153.05,176.28709999999998,2025-03-20 13:23:00,TSL,22.74,5075.85,True,ARMED(conf=0.82),NIFTY
2025-03-24,OPTIONS_GREEKS,PE,TRENDING_BULL,0.834,3,2025-03-24 12:46:00,132.75,141.188,2025-03-24 13:03:00,TSL,7.94,1746.05,True,ARMED(conf=0.83),NIFTY
2025-03-25,MACD_DIVERGENCE,PE,TRENDING_BEAR,0.836,3,2025-03-25 12:46:00,96.4,83.45,2025-03-25 14:30:00,TIME,-13.45,-3066.25,False,ARMED(conf=0.84),NIFTY
2025-03-26,MACD_DIVERGENCE,PE,TRENDING_BEAR,0.833,3,2025-03-26 12:46:00,67.25,88.9772,2025-03-26 12:47:00,TSL,21.23,4736.12,True,ARMED(conf=0.83),NIFTY
2025-03-28,ULTIMATE_DAY_HIGH_LOW,CE,NORMAL,0.84,3,2025-03-28 10:31:00,418.0,431.03999999999996,2025-03-28 10:37:00,TSL,12.54,2781.5,True,ARMED(conf=0.84),NIFTY
2025-04-03,MACD_DIVERGENCE,CE,NORMAL,0.84,3,2025-04-03 12:51:00,400.0,375.0,2025-04-03 13:34:00,TIME,-25.5,-5777.5,False,ARMED(conf=0.84),NIFTY
2025-05-02,BEAR_TREND_FOLLOWER,PE,TRENDING_BEAR,0.874,3,2025-05-02 12:46:00,410.35,407.4,2025-05-02 14:30:00,TIME,-3.45,-816.25,False,ARMED(conf=0.87),NIFTY
2026-01-02,DAY_HIGH_BEARISH,PE,NORMAL,0.814,3,2026-01-02 12:46:00,171.0,172.55,2026-01-02 13:00:00,TIME,1.05,196.25,True,ARMED(conf=0.81),NIFTY
2026-01-02,RSI_REVERSAL,PE,NORMAL,0.806,3,2026-01-02 12:46:00,171.0,172.55,2026-01-02 13:00:00,TIME,1.05,196.25,True,ARMED(conf=0.81),NIFTY
2026-01-05,MACD_DIVERGENCE,CE,NORMAL,0.838,3,2026-01-05 12:46:00,286.65,307.39119999999997,2026-01-05 13:10:00,TSL,20.24,4514.27,True,ARMED(conf=0.84),NIFTY
2026-01-07,DAY_LOW_BULLISH,CE,RANGE_BOUND,0.894,3,2026-01-07 12:46:00,267.5,271.1,2026-01-07 13:00:00,TIME,3.1,657.5,True,ARMED(conf=0.89),NIFTY
2026-01-07,OPTIONS_GREEKS,CE,RANGE_BOUND,0.832,3,2026-01-07 12:46:00,267.5,274.256,2026-01-07 13:14:00,TSL,6.26,1367.6,True,ARMED(conf=0.83),NIFTY
2026-01-09,RSI_REVERSAL,CE,TRENDING_BEAR,0.818,3,2026-01-09 12:46:00,265.0,282.755,2026-01-09 12:49:00,TSL,17.25,3842.37,True,ARMED(conf=0.82),NIFTY
2026-01-19,MACD_DIVERGENCE,CE,RANGE_BOUND,0.833,3,2026-01-19 12:46:00,166.65,192.192,2026-01-19 12:47:00,TSL,25.04,5594.45,True,ARMED(conf=0.83),NIFTY
2026-01-21,ATR_BREAK,CE,TRENDING_BEAR,0.823,3,2026-01-21 12:46:00,192.4,210.7215,2026-01-21 13:10:00,TSL,17.82,3969.84,True,ARMED(conf=0.82),NIFTY
2026-01-22,BEAR_TREND_FOLLOWER,PE,NORMAL,0.887,3,2026-01-22 12:46:00,127.1,131.47199999999998,2026-01-22 12:48:00,TSL,3.87,831.2,True,ARMED(conf=0.89),NIFTY
2026-01-22,GAMMA_BLAST,PE,NORMAL,0.831,3,2026-01-22 14:01:00,123.15,119.6,2026-01-22 14:02:00,TIME,-4.05,-951.25,False,ARMED(conf=0.83),NIFTY
2026-01-23,BEAR_TREND_FOLLOWER,PE,TRENDING_BEAR,0.881,3,2026-01-23 12:46:00,82.25,94.0,2026-01-23 12:54:00,TSL,11.25,2491.25,True,ARMED(conf=0.88),NIFTY
2026-01-23,MACD_DIVERGENCE,PE,TRENDING_BEAR,0.828,3,2026-01-23 12:46:00,82.25,96.39999999999999,2026-01-23 12:54:00,TSL,13.65,3031.25,True,ARMED(conf=0.83),NIFTY
2026-01-27,MACD_DIVERGENCE,CE,TRENDING_BULL,0.838,3,2026-01-27 12:46:00,60.8,81.98819999999999,2026-01-27 12:48:00,TSL,20.69,4614.84,True,ARMED(conf=0.84),NIFTY
2026-01-29,ATR_BREAK,CE,TRENDING_BULL,0.824,3,2026-01-29 12:46:00,401.1,411.75,2026-01-29 13:30:00,TIME,10.15,2243.75,True,ARMED(conf=0.82),NIFTY
2026-01-30,ULTIMATE_DAY_HIGH_LOW,CE,NORMAL,0.814,3,2026-01-30 12:16:00,402.8,390.8,2026-01-30 14:30:00,TIME,-12.5,-2852.5,False,ARMED(conf=0.81),NIFTY
2026-02-06,ULTIMATE_DAY_HIGH_LOW,CE,NORMAL,0.83,3,2026-02-06 11:16:00,282.9,272.55,2026-02-06 14:30:00,TIME,-10.85,-2481.25,False,ARMED(conf=0.83),NIFTY
2026-02-09,MACD_DIVERGENCE,CE,RANGE_BOUND,0.819,3,2026-02-09 12:46:00,248.05,269.5616,2026-02-09 12:53:00,TSL,21.01,4687.61,True,ARMED(conf=0.82),NIFTY
2026-02-10,SCALPING,CE,RANGE_BOUND,0.825,3,2026-02-10 12:46:00,244.65,251.328,2026-02-10 13:00:00,TSL,6.18,1350.05,True,ARMED(conf=0.83),NIFTY
2026-02-10,MOMENTUM_BURST,CE,RANGE_BOUND,0.825,3,2026-02-10 12:46:00,244.65,251.328,2026-02-10 13:00:00,TSL,6.18,1350.05,True,ARMED(conf=0.83),NIFTY
2026-02-10,VOLUME_CLIMAX,PE,RANGE_BOUND,0.825,3,2026-02-10 12:46:00,173.2,191.12859999999998,2026-02-10 12:48:00,TSL,17.43,3881.43,True,ARMED(conf=0.83),NIFTY
2026-02-11,OPTIONS_GREEKS,CE,RANGE_BOUND,0.833,3,2026-02-11 12:46:00,220.55,224.0896,2026-02-11 12:53:00,TSL,3.04,643.91,True,ARMED(conf=0.83),NIFTY
2026-02-12,GAMMA_BLAST,PE,NORMAL,0.837,3,2026-02-12 13:01:00,150.0,154.944,2026-02-12 13:18:00,TSL,4.44,959.9,True,ARMED(conf=0.84),NIFTY
2026-02-12,GAMMA_BLAST,PE,NORMAL,0.831,3,2026-02-12 13:46:00,148.95,150.05,2026-02-12 13:47:00,TIME,0.6,95.0,True,ARMED(conf=0.83),NIFTY
2026-02-16,OPTIONS_GREEKS,PE,TRENDING_BULL,0.832,3,2026-02-16 12:46:00,151.15,164.265,2026-02-16 13:04:00,TSL,12.61,2798.37,True,ARMED(conf=0.83),NIFTY
2026-02-17,OPTIONS_GREEKS,PE,NORMAL,0.827,3,2026-02-17 12:46:00,156.5,156.0,2026-02-17 14:30:00,TIME,-1.0,-265.0,False,ARMED(conf=0.83),NIFTY
2026-02-20,OPTIONS_GREEKS,PE,TRENDING_BULL,0.835,3,2026-02-20 12:46:00,115.75,124.87899999999999,2026-02-20 12:58:00,TSL,8.63,1901.52,True,ARMED(conf=0.83),NIFTY
2026-02-23,MOMENTUM_BURST,PE,NORMAL,0.831,3,2026-02-23 12:46:00,98.45,103.944,2026-02-23 13:00:00,TSL,4.99,1083.65,True,ARMED(conf=0.83),NIFTY
2026-02-23,ATR_BREAK,PE,NORMAL,0.831,3,2026-02-23 12:46:00,98.45,102.666,2026-02-23 13:00:00,TSL,3.72,796.1,True,ARMED(conf=0.83),NIFTY
2026-02-23,MACD_DIVERGENCE,PE,NORMAL,0.831,3,2026-02-23 12:46:00,98.45,103.944,2026-02-23 13:00:00,TSL,4.99,1083.65,True,ARMED(conf=0.83),NIFTY
2026-02-25,ULTIMATE_DAY_HIGH_LOW,CE,NORMAL,0.84,3,2026-02-25 10:01:00,440.0,451.05,2026-02-25 14:30:00,TIME,10.55,2333.75,True,ARMED(conf=0.84),NIFTY
2026-02-25,MOMENTUM_BURST,PE,NORMAL,0.818,3,2026-02-25 12:46:00,297.8,291.5,2026-02-25 14:30:00,TIME,-6.8,-1570.0,False,ARMED(conf=0.82),NIFTY
2026-02-25,BOLLINGER_SQUEEZE,PE,NORMAL,0.818,3,2026-02-25 12:46:00,297.8,291.5,2026-02-25 14:30:00,TIME,-6.8,-1570.0,False,ARMED(conf=0.82),NIFTY
2026-02-25,ATR_BREAK,PE,NORMAL,0.818,3,2026-02-25 12:46:00,297.8,291.5,2026-02-25 14:30:00,TIME,-6.8,-1570.0,False,ARMED(conf=0.82),NIFTY
2026-02-26,BEAR_TREND_FOLLOWER,PE,NORMAL,0.881,3,2026-02-26 12:46:00,295.2,304.4,2026-02-26 13:30:00,TIME,8.7,1917.5,True,ARMED(conf=0.88),NIFTY
2026-02-27,BEAR_TREND_FOLLOWER,PE,TRENDING_BEAR,0.885,3,2026-02-27 12:46:00,302.7,289.95,2026-02-27 14:30:00,TIME,-13.25,-3021.25,False,ARMED(conf=0.88),NIFTY
2026-03-10,ULTIMATE_DAY_HIGH_LOW,CE,NORMAL,0.84,3,2026-03-10 10:16:00,512.5,486.9,2026-03-10 14:30:00,TIME,-26.1,-5912.5,False,ARMED(conf=0.84),NIFTY
2026-04-09,MOMENTUM_BURST,PE,TRENDING_BEAR,0.83,3,2026-04-09 12:46:00,369.0,400.9276,2026-04-09 13:28:00,TSL,31.43,7031.21,True,ARMED(conf=0.83),NIFTY
2026-04-09,ATR_BREAK,PE,TRENDING_BEAR,0.83,3,2026-04-09 12:46:00,369.0,393.44139999999993,2026-04-09 13:28:00,TSL,23.94,5346.81,True,ARMED(conf=0.83),NIFTY
2026-04-20,VOLUME_CLIMAX,PE,TRENDING_BULL,0.832,3,2026-04-20 12:46:00,272.55,291.0,2026-04-20 13:08:00,TSL,17.95,3998.75,True,ARMED(conf=0.83),NIFTY
2026-04-23,PUT_WRITER_SUPPORT,CE,RANGE_BOUND,0.839,3,2026-04-23 12:46:00,176.6,181.00400000000002,2026-04-23 13:01:00,TSL,3.9,838.4,True,ARMED(conf=0.84),NIFTY
2026-05-04,BEAR_TREND_FOLLOWER,PE,TRENDING_BEAR,0.877,3,2026-05-04 12:46:00,375.0,384.65,2026-05-04 14:30:00,TIME,9.15,2018.75,True,ARMED(conf=0.88),NIFTY
2026-05-05,ATR_BREAK,CE,NORMAL,0.829,3,2026-05-05 12:46:00,452.0,427.85,2026-05-05 14:30:00,TIME,-24.65,-5586.25,False,ARMED(conf=0.83),NIFTY
2026-05-13,MACD_DIVERGENCE,CE,TRENDING_BEAR,0.828,3,2026-05-13 12:46:00,366.55,348.15,2026-05-13 14:30:00,TIME,-18.9,-4292.5,False,ARMED(conf=0.83),NIFTY
2026-05-14,OPTIONS_GREEKS,PE,TRENDING_BULL,0.828,3,2026-05-14 12:46:00,294.05,286.9,2026-05-14 13:30:00,TIME,-7.65,-1761.25,False,ARMED(conf=0.83),NIFTY
2026-05-15,ULTIMATE_DAY_HIGH_LOW,CE,NORMAL,0.836,3,2026-05-15 12:46:00,299.8,287.0,2026-05-15 14:30:00,TIME,-13.3,-3032.5,False,ARMED(conf=0.84),NIFTY
